{
  "flir": {
    "cameraMatrix": [
      [507.8003894155573, 0.1710115739716, 301.1304382451827],
      [0, 479.7323148087505, 220.4421542661054],
      [0, 0, 1]
    ],
    "distortionCoefficients": [
      [
        -0.50533003621847, 0.424629294357488, 0.000364153463881,
        0.007695654454089, -0.278259650800518
      ]
    ]
  },
  "rgb": {
    "cameraMatrix": [
      [556.849351697099, 1.50556162586187, 447.303684217652],
      [0, 556.122495484513, 253.014008095813],
      [0, 0, 1]
    ],
    "distortionCoefficients": [
      [
        0.178476942873155, -0.42741851314183, 0.00191268319611792,
        -0.000959995863651413, 0.235885323162997
      ]
    ]
  }
}
